,cadaster,time,baseload
0,79511:003:0022,1,98.99761173631506
1,79511:003:0022,2,104.8942072127708
2,79511:003:0022,3,85.21866127904856
3,79511:003:0022,4,98.94163795918509
4,79511:003:0022,5,79.88926703401472
5,79511:003:0022,6,64.51494339093759
6,79511:003:0022,7,127.97507983756752
7,79511:003:0022,8,117.77500422247576
8,79511:003:0022,9,120.75638862349378
9,79511:003:0022,10,111.92501211996064
10,79511:003:0022,11,116.77038977997493
11,79511:003:0022,12,98.52442391245614
12,79511:003:0022,13,100.98385451387965
13,79511:003:0022,14,116.21723404361872
14,79511:003:0022,15,114.83792674514481
15,79511:003:0022,16,135.77633488042784
16,79511:003:0022,17,122.85898732645747
17,79511:003:0022,18,118.59717512221297
18,79511:003:0022,19,103.09526480162121
19,79511:003:0022,20,129.3222069411909
20,79511:003:0022,21,90.30604086239371
21,79511:003:0022,22,82.19386927834216
22,79511:003:0022,23,107.58671350787132
23,79511:003:0022,24,102.11799286395085
24,79512:038:0009,1,67.63447797339842
25,79512:038:0009,2,132.21723522478985
26,79512:038:0009,3,80.33206652136441
27,79512:038:0009,4,60.968830848710766
28,79512:038:0009,5,86.25977835676859
29,79512:038:0009,6,90.24248286272484
30,79512:038:0009,7,123.75342457570059
31,79512:038:0009,8,113.29268755944638
32,79512:038:0009,9,133.59148057406688
33,79512:038:0009,10,111.47165133162473
34,79512:038:0009,11,123.85468531372905
35,79512:038:0009,12,124.56932386700358
36,79512:038:0009,13,119.4706670098079
37,79512:038:0009,14,119.1945894911724
38,79512:038:0009,15,115.88229490445342
39,79512:038:0009,16,127.85811077752803
40,79512:038:0009,17,140.88526359277546
41,79512:038:0009,18,87.93510366302459
42,79512:038:0009,19,123.77383081332208
43,79512:038:0009,20,122.22747138966393
44,79512:038:0009,21,118.4735783085214
45,79512:038:0009,22,91.73059595169772
46,79512:038:0009,23,144.29636880677896
47,79512:038:0009,24,107.56177851756816
48,79517:014:0024,1,111.33045640497095
49,79517:014:0024,2,88.05821223405368
50,79517:014:0024,3,75.82307868494105
51,79517:014:0024,4,94.64328632263273
52,79517:014:0024,5,111.78207077451728
53,79517:014:0024,6,82.38723795294072
54,79517:014:0024,7,98.67657405974794
55,79517:014:0024,8,113.7892836994921
56,79517:014:0024,9,85.83448080453917
57,79517:014:0024,10,106.63303195484458
58,79517:014:0024,11,117.95785879383301
59,79517:014:0024,12,97.17565315144333
60,79517:014:0024,13,127.99262852520773
61,79517:014:0024,14,126.86942162812102
62,79517:014:0024,15,108.52868212822835
63,79517:014:0024,16,116.00991353643266
64,79517:014:0024,17,127.16079637970417
65,79517:014:0024,18,121.13867954088691
66,79517:014:0024,19,114.55100425601981
67,79517:014:0024,20,118.80043297722499
68,79517:014:0024,21,143.98414815201934
69,79517:014:0024,22,121.96892422813397
70,79517:014:0024,23,116.52158246453247
71,79517:014:0024,24,123.71632014291139
72,79512:029:0011,1,78.34598175498317
73,79512:029:0011,2,74.18517054101086
74,79512:029:0011,3,101.44403665523828
75,79512:029:0011,4,91.53193978342946
76,79512:029:0011,5,110.09250937479553
77,79512:029:0011,6,102.97014673305816
78,79512:029:0011,7,109.68610741746853
79,79512:029:0011,8,110.93186562010135
80,79512:029:0011,9,124.64439939398575
81,79512:029:0011,10,105.05731031786735
82,79512:029:0011,11,86.61667853561661
83,79512:029:0011,12,130.93201076167247
84,79512:029:0011,13,122.65340622745619
85,79512:029:0011,14,113.95673343724957
86,79512:029:0011,15,135.73367115904614
87,79512:029:0011,16,136.96684944158403
88,79512:029:0011,17,128.31410243284165
89,79512:029:0011,18,134.73990936852263
90,79512:029:0011,19,102.93556162248008
91,79512:029:0011,20,99.57781523469909
92,79512:029:0011,21,133.04380392801892
93,79512:029:0011,22,109.27507603241862
94,79512:029:0011,23,122.25972400986691
95,79512:029:0011,24,114.3671098135608
96,79505:005:0079,1,134.50060529093273
97,79505:005:0079,2,127.28867643360984
98,79505:005:0079,3,116.8462255741684
99,79505:005:0079,4,139.9747354161748
100,79505:005:0079,5,127.34845910467695
101,79505:005:0079,6,96.33713988318746
102,79505:005:0079,7,135.8790325951137
103,79505:005:0079,8,147.17399099663396
104,79505:005:0079,9,127.9084919390668
105,79505:005:0079,10,149.27829620781654
106,79505:005:0079,11,147.27349373461496
107,79505:005:0079,12,112.64998006273947
108,79505:005:0079,13,129.9449021989731
109,79505:005:0079,14,144.1163387774606
110,79505:005:0079,15,172.69140505765853
111,79505:005:0079,16,152.84417170604965
112,79505:005:0079,17,153.33695920775844
113,79505:005:0079,18,143.36362449090885
114,79505:005:0079,19,189.68408384316388
115,79505:005:0079,20,146.29068994423238
116,79505:005:0079,21,139.6507591219809
117,79505:005:0079,22,109.08022599695904
118,79505:005:0079,23,107.95687159354082
119,79505:005:0079,24,160.95387188327103
120,79508:020:0022,1,36.608760118121936
121,79508:020:0022,2,34.670706164113795
122,79508:020:0022,3,34.50987420641127
123,79508:020:0022,4,44.63466141093264
124,79508:020:0022,5,38.54074863164729
125,79508:020:0022,6,32.687206818565905
126,79508:020:0022,7,51.5950494444801
127,79508:020:0022,8,56.19276364884038
128,79508:020:0022,9,39.859429325823825
129,79508:020:0022,10,43.27151550176549
130,79508:020:0022,11,46.19929101513823
131,79508:020:0022,12,42.44443154163311
132,79508:020:0022,13,46.60229766072304
133,79508:020:0022,14,51.54099360895034
134,79508:020:0022,15,42.62986901498105
135,79508:020:0022,16,38.33791921417377
136,79508:020:0022,17,51.44605062062023
137,79508:020:0022,18,47.42219409998574
138,79508:020:0022,19,39.10767877104339
139,79508:020:0022,20,52.57297742634833
140,79508:020:0022,21,36.72189380792243
141,79508:020:0022,22,48.797887425576874
142,79508:020:0022,23,36.39890021949527
143,79508:020:0022,24,36.32161719086788
144,79517:014:0007,1,39.189509646265826
145,79517:014:0007,2,32.498557881710205
146,79517:014:0007,3,41.40204568408069
147,79517:014:0007,4,37.03981805320136
148,79517:014:0007,5,30.220255812631784
149,79517:014:0007,6,24.45475163831981
150,79517:014:0007,7,42.617854003388366
151,79517:014:0007,8,47.16938341234372
152,79517:014:0007,9,50.07867942697992
153,79517:014:0007,10,47.596086859793914
154,79517:014:0007,11,33.962467455150765
155,79517:014:0007,12,43.925275583470054
156,79517:014:0007,13,47.807346568372495
157,79517:014:0007,14,46.70659268057798
158,79517:014:0007,15,46.23678534304089
159,79517:014:0007,16,49.562016291971034
160,79517:014:0007,17,48.8639891700451
161,79517:014:0007,18,49.07265482059107
162,79517:014:0007,19,48.44816141456274
163,79517:014:0007,20,44.348202044706824
164,79517:014:0007,21,43.53091224326444
165,79517:014:0007,22,45.5280079388443
166,79517:014:0007,23,44.97586092309162
167,79517:014:0007,24,47.6736179629422
168,79512:047:0004,1,54.60939894311779
169,79512:047:0004,2,55.839816990566945
170,79512:047:0004,3,56.26988637735151
171,79512:047:0004,4,40.89925704232812
172,79512:047:0004,5,67.07504847087414
173,79512:047:0004,6,67.00740578486544
174,79512:047:0004,7,83.24055757675092
175,79512:047:0004,8,77.38322685386669
176,79512:047:0004,9,68.41991296238704
177,79512:047:0004,10,79.60528902903242
178,79512:047:0004,11,69.0552920546768
179,79512:047:0004,12,77.7317115060197
180,79512:047:0004,13,77.15833263193119
181,79512:047:0004,14,82.51651107571143
182,79512:047:0004,15,78.48089396296741
183,79512:047:0004,16,78.17136245653667
184,79512:047:0004,17,85.38355035803008
185,79512:047:0004,18,77.26137468139525
186,79512:047:0004,19,71.48534833207188
187,79512:047:0004,20,81.04169137981968
188,79512:047:0004,21,81.20019650917219
189,79512:047:0004,22,77.99219293190814
190,79512:047:0004,23,58.59823171770911
191,79512:047:0004,24,83.95894604214924
192,79517:003:0011,1,32.579838987445974
193,79517:003:0011,2,21.926276896538546
194,79517:003:0011,3,36.0418632346796
195,79517:003:0011,4,42.15672209404176
196,79517:003:0011,5,44.28782983168718
197,79517:003:0011,6,41.32409880503407
198,79517:003:0011,7,52.48425609790837
199,79517:003:0011,8,42.8418655239752
200,79517:003:0011,9,51.04178790351461
201,79517:003:0011,10,31.92945551122788
202,79517:003:0011,11,50.44917754115897
203,79517:003:0011,12,39.81183005252258
204,79517:003:0011,13,57.0
205,79517:003:0011,14,40.29890693839624
206,79517:003:0011,15,47.71002661334341
207,79517:003:0011,16,33.76910064726307
208,79517:003:0011,17,56.622634671196934
209,79517:003:0011,18,40.8764242172551
210,79517:003:0011,19,44.328716399879866
211,79517:003:0011,20,43.48546830938201
212,79517:003:0011,21,44.898656516355686
213,79517:003:0011,22,38.456744151150275
214,79517:003:0011,23,28.591771435645306
215,79517:003:0011,24,42.74688060928018
216,79504:058:0032,1,84.43941603767647
217,79504:058:0032,2,122.54532891414077
218,79504:058:0032,3,90.47072640526784
219,79504:058:0032,4,120.79101479440297
220,79504:058:0032,5,80.43039950939442
221,79504:058:0032,6,101.96954736532811
222,79504:058:0032,7,141.58194054737316
223,79504:058:0032,8,149.74952243488875
224,79504:058:0032,9,189.28654255773608
225,79504:058:0032,10,166.8544891826078
226,79504:058:0032,11,132.94912368134442
227,79504:058:0032,12,164.44843843754694
228,79504:058:0032,13,145.19951738797042
229,79504:058:0032,14,190.0
230,79504:058:0032,15,109.28580827444223
231,79504:058:0032,16,146.37043998346547
232,79504:058:0032,17,160.21322775004882
233,79504:058:0032,18,159.4468883378019
234,79504:058:0032,19,141.16396990449633
235,79504:058:0032,20,164.29033894337744
236,79504:058:0032,21,190.0
237,79504:058:0032,22,174.80191576094563
238,79504:058:0032,23,149.99305399302247
239,79504:058:0032,24,154.37858851653715
240,79510:039:0004,1,30.591141887607407
241,79510:039:0004,2,37.15249025043892
242,79510:039:0004,3,38.51685798446518
243,79510:039:0004,4,33.24109725614607
244,79510:039:0004,5,32.63692544924899
245,79510:039:0004,6,31.592599159858747
246,79510:039:0004,7,40.19319107735846
247,79510:039:0004,8,52.878686128297055
248,79510:039:0004,9,41.68623369208126
249,79510:039:0004,10,49.13394273516437
250,79510:039:0004,11,45.89425664956517
251,79510:039:0004,12,38.67895177835911
252,79510:039:0004,13,48.40924753261406
253,79510:039:0004,14,44.939436939797645
254,79510:039:0004,15,41.59259119002888
255,79510:039:0004,16,41.514315332364575
256,79510:039:0004,17,40.344475986526255
257,79510:039:0004,18,42.64366254777812
258,79510:039:0004,19,41.15314643506989
259,79510:039:0004,20,56.267778364338
260,79510:039:0004,21,38.377367627164354
261,79510:039:0004,22,45.646915292575436
262,79510:039:0004,23,36.91932005718232
263,79510:039:0004,24,42.032247837707985
264,79504:078:0015,1,35.60132502219287
265,79504:078:0015,2,38.47170651308969
266,79504:078:0015,3,33.41899669957967
267,79504:078:0015,4,33.19947634494089
268,79504:078:0015,5,33.39342593570511
269,79504:078:0015,6,34.69492731633515
270,79504:078:0015,7,36.12089105684046
271,79504:078:0015,8,50.97725043908328
272,79504:078:0015,9,47.65959200027456
273,79504:078:0015,10,49.345939616371744
274,79504:078:0015,11,44.22060615772754
275,79504:078:0015,12,38.02296699152811
276,79504:078:0015,13,44.632769838206016
277,79504:078:0015,14,40.89908035966696
278,79504:078:0015,15,33.41301153384289
279,79504:078:0015,16,49.47726438898315
280,79504:078:0015,17,53.29999943165676
281,79504:078:0015,18,50.33394153503173
282,79504:078:0015,19,50.33859459945196
283,79504:078:0015,20,44.26845159676261
284,79504:078:0015,21,49.34391280107675
285,79504:078:0015,22,49.57500017161054
286,79504:078:0015,23,36.83637722747724
287,79504:078:0015,24,45.118591336398886
288,79517:080:0001,1,66.92235636429233
289,79517:080:0001,2,72.20228982317893
290,79517:080:0001,3,54.95027954182206
291,79517:080:0001,4,62.877812550766805
292,79517:080:0001,5,63.336625734696625
293,79517:080:0001,6,44.27085934920445
294,79517:080:0001,7,84.15710512285256
295,79517:080:0001,8,81.56581552350451
296,79517:080:0001,9,67.3820892611512
297,79517:080:0001,10,95.0
298,79517:080:0001,11,90.20260024337112
299,79517:080:0001,12,79.52239970770572
300,79517:080:0001,13,88.24371188617636
301,79517:080:0001,14,86.62568079180978
302,79517:080:0001,15,76.51299553041059
303,79517:080:0001,16,82.92399634497637
304,79517:080:0001,17,80.27350885589816
305,79517:080:0001,18,66.64078609822994
306,79517:080:0001,19,84.12836644186405
307,79517:080:0001,20,65.7750589436545
308,79517:080:0001,21,95.0
309,79517:080:0001,22,63.49064535375759
310,79517:080:0001,23,90.86148854754916
311,79517:080:0001,24,86.4694940634988
312,79510:022:0016,1,141.0106857217042
313,79510:022:0016,2,121.47083698681085
314,79510:022:0016,3,114.21279611291634
315,79510:022:0016,4,108.53215735179154
316,79510:022:0016,5,115.9190354757633
317,79510:022:0016,6,107.59000907893459
318,79510:022:0016,7,154.86348631872468
319,79510:022:0016,8,183.13609410047067
320,79510:022:0016,9,142.12209029292018
321,79510:022:0016,10,127.11266305867477
322,79510:022:0016,11,88.17843987477244
323,79510:022:0016,12,151.71428542709074
324,79510:022:0016,13,143.340528685779
325,79510:022:0016,14,172.33133966426647
326,79510:022:0016,15,153.9155077062736
327,79510:022:0016,16,118.59684709765736
328,79510:022:0016,17,153.612455049562
329,79510:022:0016,18,187.9161183780229
330,79510:022:0016,19,100.46588681149608
331,79510:022:0016,20,132.80529963016144
332,79510:022:0016,21,174.2475721008494
333,79510:022:0016,22,126.38861583443736
334,79510:022:0016,23,163.46718126750775
335,79510:022:0016,24,116.3827582329427
336,79514:037:0108,1,59.26646255638262
337,79514:037:0108,2,41.11298022919757
338,79514:037:0108,3,61.962176241850415
339,79514:037:0108,4,36.31370069460806
340,79514:037:0108,5,73.56634052954647
341,79514:037:0108,6,68.21354347855036
342,79514:037:0108,7,88.22002755395816
343,79514:037:0108,8,60.932031986191944
344,79514:037:0108,9,76.875169329354
345,79514:037:0108,10,69.32744946906674
346,79514:037:0108,11,67.49161315787119
347,79514:037:0108,12,84.3189087599111
348,79514:037:0108,13,77.24486866203891
349,79514:037:0108,14,81.29554799170201
350,79514:037:0108,15,68.96941400257232
351,79514:037:0108,16,74.30087445158487
352,79514:037:0108,17,92.38682083082594
353,79514:037:0108,18,70.41334505824582
354,79514:037:0108,19,75.76490504448881
355,79514:037:0108,20,78.83380676149594
356,79514:037:0108,21,70.82354639521677
357,79514:037:0108,22,69.08678500682711
358,79514:037:0108,23,78.58520676920018
359,79514:037:0108,24,66.07506582125839
360,79505:004:0014,1,155.05684130780898
361,79505:004:0014,2,134.10454155768895
362,79505:004:0014,3,94.37939398386081
363,79505:004:0014,4,108.20665604065206
364,79505:004:0014,5,109.01643081996116
365,79505:004:0014,6,121.17723874462888
366,79505:004:0014,7,149.8307962743707
367,79505:004:0014,8,147.71691947072335
368,79505:004:0014,9,158.92450198090236
369,79505:004:0014,10,148.71363090887755
370,79505:004:0014,11,128.86868448857254
371,79505:004:0014,12,158.92907830126336
372,79505:004:0014,13,143.72637415726024
373,79505:004:0014,14,154.37738887011452
374,79505:004:0014,15,146.47107580441275
375,79505:004:0014,16,136.36345788568548
376,79505:004:0014,17,144.81536064173616
377,79505:004:0014,18,174.21165705352217
378,79505:004:0014,19,149.36250736986943
379,79505:004:0014,20,153.29154622075822
380,79505:004:0014,21,133.46384921203364
381,79505:004:0014,22,158.27393548046751
382,79505:004:0014,23,143.09448441699092
383,79505:004:0014,24,117.85705153456959
384,79512:032:0012,1,36.859453720198104
385,79512:032:0012,2,24.38420355899347
386,79512:032:0012,3,42.6598626441604
387,79512:032:0012,4,34.71499487509965
388,79512:032:0012,5,29.64159311443998
389,79512:032:0012,6,27.318411508225918
390,79512:032:0012,7,41.759502661359235
391,79512:032:0012,8,42.05495924002703
392,79512:032:0012,9,44.47642823089114
393,79512:032:0012,10,40.462273121178164
394,79512:032:0012,11,45.44799805299472
395,79512:032:0012,12,51.7000379720645
396,79512:032:0012,13,54.26880485440171
397,79512:032:0012,14,42.412901673762384
398,79512:032:0012,15,57.0
399,79512:032:0012,16,37.749564277591496
400,79512:032:0012,17,46.72366117025662
401,79512:032:0012,18,48.290400313952524
402,79512:032:0012,19,54.797778571700384
403,79512:032:0012,20,52.67107071257135
404,79512:032:0012,21,47.35062615764448
405,79512:032:0012,22,45.199859179864966
406,79512:032:0012,23,47.173829872398706
407,79512:032:0012,24,41.957257664672035
408,79517:025:0023,1,105.15928601838486
409,79517:025:0023,2,103.6094871430068
410,79517:025:0023,3,78.5841448258029
411,79517:025:0023,4,91.6421893202386
412,79517:025:0023,5,99.47315935411818
413,79517:025:0023,6,74.2999912920881
414,79517:025:0023,7,125.38438296954004
415,79517:025:0023,8,116.81119346673563
416,79517:025:0023,9,146.54611610724027
417,79517:025:0023,10,88.97108784389243
418,79517:025:0023,11,133.7075996143197
419,79517:025:0023,12,115.4149986625161
420,79517:025:0023,13,122.95397148715483
421,79517:025:0023,14,128.08343904319028
422,79517:025:0023,15,146.52217519090985
423,79517:025:0023,16,125.93994611604201
424,79517:025:0023,17,102.62875833856356
425,79517:025:0023,18,113.8488448585445
426,79517:025:0023,19,129.20246601994077
427,79517:025:0023,20,116.07216708076308
428,79517:025:0023,21,119.2245118109002
429,79517:025:0023,22,97.7423854512437
430,79517:025:0023,23,112.3997888980269
431,79517:025:0023,24,120.44455556879943
432,79501:034:0033,1,57.686928911701976
433,79501:034:0033,2,56.54885271724899
434,79501:034:0033,3,72.03476320927793
435,79501:034:0033,4,52.322157548857874
436,79501:034:0033,5,51.76709435888245
437,79501:034:0033,6,56.031862684018044
438,79501:034:0033,7,67.0694853614412
439,79501:034:0033,8,68.29067100407867
440,79501:034:0033,9,75.4711494866996
441,79501:034:0033,10,84.32288468266297
442,79501:034:0033,11,72.01567298957085
443,79501:034:0033,12,69.07448914248295
444,79501:034:0033,13,77.13830435912163
445,79501:034:0033,14,93.78135964432246
446,79501:034:0033,15,73.26185295650053
447,79501:034:0033,16,70.21916433832945
448,79501:034:0033,17,69.48213793187657
449,79501:034:0033,18,71.76182259908948
450,79501:034:0033,19,89.4580864065474
451,79501:034:0033,20,89.8914722644972
452,79501:034:0033,21,73.41325270688297
453,79501:034:0033,22,81.79855258032799
454,79501:034:0033,23,66.35130235562839
455,79501:034:0033,24,73.80307189292625
456,79301:001:0240,1,67.47956184267576
457,79301:001:0240,2,63.8004967731372
458,79301:001:0240,3,55.261461841287286
459,79301:001:0240,4,41.00776994108755
460,79301:001:0240,5,65.75228666473203
461,79301:001:0240,6,25.141560123752768
462,79301:001:0240,7,73.68297156605648
463,79301:001:0240,8,79.53649429573944
464,79301:001:0240,9,61.25689144322358
465,79301:001:0240,10,81.76918018554589
466,79301:001:0240,11,94.9188742926531
467,79301:001:0240,12,61.51863332841121
468,79301:001:0240,13,78.9911838174848
469,79301:001:0240,14,67.69892458722413
470,79301:001:0240,15,59.67575472463196
471,79301:001:0240,16,62.65278105479431
472,79301:001:0240,17,69.54400169133655
473,79301:001:0240,18,71.60862669115929
474,79301:001:0240,19,82.19181005271413
475,79301:001:0240,20,80.17376414702139
476,79301:001:0240,21,78.08258319265187
477,79301:001:0240,22,77.70319087143106
478,79301:001:0240,23,56.67582327033384
479,79301:001:0240,24,75.64468653679951
480,79517:065:0006,1,38.98127302097643
481,79517:065:0006,2,40.465684058480676
482,79517:065:0006,3,25.71697766240019
483,79517:065:0006,4,33.667030894346475
484,79517:065:0006,5,35.93137189295116
485,79517:065:0006,6,39.23695610881487
486,79517:065:0006,7,40.643551523422836
487,79517:065:0006,8,39.43936808239904
488,79517:065:0006,9,50.043396202874526
489,79517:065:0006,10,49.47869312864716
490,79517:065:0006,11,45.356919886583185
491,79517:065:0006,12,46.23881561900954
492,79517:065:0006,13,42.92983301268028
493,79517:065:0006,14,45.73329786598053
494,79517:065:0006,15,41.08499081168392
495,79517:065:0006,16,44.947477120831444
496,79517:065:0006,17,43.41145414234094
497,79517:065:0006,18,44.26547849680948
498,79517:065:0006,19,52.054683128225165
499,79517:065:0006,20,43.29867189845082
500,79517:065:0006,21,57.0
501,79517:065:0006,22,43.11500995643712
502,79517:065:0006,23,42.74276001925799
503,79517:065:0006,24,37.33952403550735
504,79507:022:0008,1,152.55103502827512
505,79507:022:0008,2,148.0468674221021
506,79507:022:0008,3,96.83048393222852
507,79507:022:0008,4,146.92627786849187
508,79507:022:0008,5,137.21301106258
509,79507:022:0008,6,86.85479793251545
510,79507:022:0008,7,139.90038710743593
511,79507:022:0008,8,139.28387624887645
512,79507:022:0008,9,140.45115955545202
513,79507:022:0008,10,173.29183612590958
514,79507:022:0008,11,142.4893284532577
515,79507:022:0008,12,168.8504148944686
516,79507:022:0008,13,159.01306274593705
517,79507:022:0008,14,159.63741462225076
518,79507:022:0008,15,164.05711049500738
519,79507:022:0008,16,122.49533231117157
520,79507:022:0008,17,178.33334752454695
521,79507:022:0008,18,147.73535362176932
522,79507:022:0008,19,163.16362763748742
523,79507:022:0008,20,167.4122849719182
524,79507:022:0008,21,165.00409454320368
525,79507:022:0008,22,161.25110616255617
526,79507:022:0008,23,172.17744440695503
527,79507:022:0008,24,155.87943552627343
528,79512:014:0027,1,65.97343758855666
529,79512:014:0027,2,60.05048994774744
530,79512:014:0027,3,61.80498505262863
531,79512:014:0027,4,55.98621305434645
532,79512:014:0027,5,66.23678676437046
533,79512:014:0027,6,40.88027448139765
534,79512:014:0027,7,75.00953449250547
535,79512:014:0027,8,63.662269076321124
536,79512:014:0027,9,75.2906559210037
537,79512:014:0027,10,77.88410302715116
538,79512:014:0027,11,63.38573124611091
539,79512:014:0027,12,67.1133336566256
540,79512:014:0027,13,68.65744127634267
541,79512:014:0027,14,80.8175033188298
542,79512:014:0027,15,77.6866035942522
543,79512:014:0027,16,66.46052440569403
544,79512:014:0027,17,70.14493845756796
545,79512:014:0027,18,71.80299167718935
546,79512:014:0027,19,75.04857327702278
547,79512:014:0027,20,50.086877343870626
548,79512:014:0027,21,71.14850585025177
549,79512:014:0027,22,73.53716593807391
550,79512:014:0027,23,65.4837046282818
551,79512:014:0027,24,64.4340205010987
552,79504:044:0020,1,54.697512569409255
553,79504:044:0020,2,35.80319938196138
554,79504:044:0020,3,69.88086852571575
555,79504:044:0020,4,68.99024511616666
556,79504:044:0020,5,81.6135056167214
557,79504:044:0020,6,47.0809215797526
558,79504:044:0020,7,86.37173179797651
559,79504:044:0020,8,73.68008175655365
560,79504:044:0020,9,77.01414774535279
561,79504:044:0020,10,77.86946624408647
562,79504:044:0020,11,86.60079471961505
563,79504:044:0020,12,74.12148355621392
564,79504:044:0020,13,48.74250543616806
565,79504:044:0020,14,89.5722580907042
566,79504:044:0020,15,83.74855004908068
567,79504:044:0020,16,84.75286655492118
568,79504:044:0020,17,87.98871349603391
569,79504:044:0020,18,85.65130988756911
570,79504:044:0020,19,85.37889652158671
571,79504:044:0020,20,84.40205302777692
572,79504:044:0020,21,89.3579651427374
573,79504:044:0020,22,69.10920216890129
574,79504:044:0020,23,59.46400309946143
575,79504:044:0020,24,63.653380895753706
576,79501:028:0018,1,134.4194303572206
577,79501:028:0018,2,86.5180470760861
578,79501:028:0018,3,120.02058199474477
579,79501:028:0018,4,128.77694045100785
580,79501:028:0018,5,124.26126772641628
581,79501:028:0018,6,134.0328449350378
582,79501:028:0018,7,135.59460874379536
583,79501:028:0018,8,137.49743017498403
584,79501:028:0018,9,108.88321272278924
585,79501:028:0018,10,155.31759577545276
586,79501:028:0018,11,138.99570769126157
587,79501:028:0018,12,154.98295499659886
588,79501:028:0018,13,142.33961247662162
589,79501:028:0018,14,122.22887716800213
590,79501:028:0018,15,118.8645484584334
591,79501:028:0018,16,142.9493627473607
592,79501:028:0018,17,121.6698326948724
593,79501:028:0018,18,160.9776162716105
594,79501:028:0018,19,127.8892257106015
595,79501:028:0018,20,122.37345652906853
596,79501:028:0018,21,183.90976288496162
597,79501:028:0018,22,131.9169334886153
598,79501:028:0018,23,135.8025560330764
599,79501:028:0018,24,93.72712411651115
600,79514:014:0021,1,25.561742233292243
601,79514:014:0021,2,34.51570385182648
602,79514:014:0021,3,42.75523611509212
603,79514:014:0021,4,34.533194010629764
604,79514:014:0021,5,34.194737939109174
605,79514:014:0021,6,32.27649706412925
606,79514:014:0021,7,52.20027341960949
607,79514:014:0021,8,57.0
608,79514:014:0021,9,57.0
609,79514:014:0021,10,50.79823964721109
610,79514:014:0021,11,39.649468824445066
611,79514:014:0021,12,39.679657434478344
612,79514:014:0021,13,43.21737951821029
613,79514:014:0021,14,43.78952287995367
614,79514:014:0021,15,42.74413198627081
615,79514:014:0021,16,55.933350406826236
616,79514:014:0021,17,44.87137100925244
617,79514:014:0021,18,48.399381262818345
618,79514:014:0021,19,52.2846458277725
619,79514:014:0021,20,43.269583055041046
620,79514:014:0021,21,44.91953099946984
621,79514:014:0021,22,37.376937524759754
622,79514:014:0021,23,36.10909831725833
623,79514:014:0021,24,45.3071826770702
624,79502:019:0018,1,79.99528264801364
625,79502:019:0018,2,68.11097818142731
626,79502:019:0018,3,48.46668603368922
627,79502:019:0018,4,70.91746516425452
628,79502:019:0018,5,43.5754273288814
629,79502:019:0018,6,41.01436366250951
630,79502:019:0018,7,75.9548812096742
631,79502:019:0018,8,53.692524927517155
632,79502:019:0018,9,93.09929769552393
633,79502:019:0018,10,70.62421349763291
634,79502:019:0018,11,72.38073474172597
635,79502:019:0018,12,71.29573170198442
636,79502:019:0018,13,74.26668035128644
637,79502:019:0018,14,62.56072242137704
638,79502:019:0018,15,63.129721793885636
639,79502:019:0018,16,71.45259018257819
640,79502:019:0018,17,80.78949105975397
641,79502:019:0018,18,78.6053736114741
642,79502:019:0018,19,83.27535337119598
643,79502:019:0018,20,69.29134053328042
644,79502:019:0018,21,87.29498047229998
645,79502:019:0018,22,90.96087566064139
646,79502:019:0018,23,68.54267597009938
647,79502:019:0018,24,73.09361349439011
648,79509:025:0008,1,84.36309941741486
649,79509:025:0008,2,87.20365532275476
650,79509:025:0008,3,81.55179798119352
651,79509:025:0008,4,79.85364647848165
652,79509:025:0008,5,85.16128864963683
653,79509:025:0008,6,101.42196990147241
654,79509:025:0008,7,120.30072034163831
655,79509:025:0008,8,117.93694637636837
656,79509:025:0008,9,119.21564383459221
657,79509:025:0008,10,152.0
658,79509:025:0008,11,114.89503676336275
659,79509:025:0008,12,140.7904788120785
660,79509:025:0008,13,133.6152477914533
661,79509:025:0008,14,116.04169096975998
662,79509:025:0008,15,121.86380250281022
663,79509:025:0008,16,112.62546282367192
664,79509:025:0008,17,110.74283311481446
665,79509:025:0008,18,126.41897042947096
666,79509:025:0008,19,98.22125855746505
667,79509:025:0008,20,132.27329712348515
668,79509:025:0008,21,103.48416586692356
669,79509:025:0008,22,101.4972342821679
670,79509:025:0008,23,99.09107811756036
671,79509:025:0008,24,114.84330433829436
672,79504:067:0004,1,32.902579961778976
673,79504:067:0004,2,42.0449515190708
674,79504:067:0004,3,28.29034688704686
675,79504:067:0004,4,34.43872058317484
676,79504:067:0004,5,29.413523463908913
677,79504:067:0004,6,30.036983046539007
678,79504:067:0004,7,46.319962532234676
679,79504:067:0004,8,55.944516831253225
680,79504:067:0004,9,46.330028900416096
681,79504:067:0004,10,40.99749658927138
682,79504:067:0004,11,37.66143685397352
683,79504:067:0004,12,44.32820971227659
684,79504:067:0004,13,49.18754979039457
685,79504:067:0004,14,48.58055390933942
686,79504:067:0004,15,42.42375362596474
687,79504:067:0004,16,41.96253892191237
688,79504:067:0004,17,38.5464281288853
689,79504:067:0004,18,50.950494394510336
690,79504:067:0004,19,45.12381612664359
691,79504:067:0004,20,48.95110882478362
692,79504:067:0004,21,52.42025164763395
693,79504:067:0004,22,37.17106601655427
694,79504:067:0004,23,48.885197007057656
695,79504:067:0004,24,42.8859153863856
696,79511:003:0004,1,71.51565750434385
697,79511:003:0004,2,56.59766848839106
698,79511:003:0004,3,62.28180331785544
699,79511:003:0004,4,72.15217479990002
700,79511:003:0004,5,63.44564601028267
701,79511:003:0004,6,55.02720665269731
702,79511:003:0004,7,73.15777842840534
703,79511:003:0004,8,95.0
704,79511:003:0004,9,81.05103422460718
705,79511:003:0004,10,59.45112452247147
706,79511:003:0004,11,82.36671781429266
707,79511:003:0004,12,95.0
708,79511:003:0004,13,74.89185082680572
709,79511:003:0004,14,66.35734894768824
710,79511:003:0004,15,70.86884109122946
711,79511:003:0004,16,66.01490281792552
712,79511:003:0004,17,57.19338703705517
713,79511:003:0004,18,68.36322372420958
714,79511:003:0004,19,60.540664184083504
715,79511:003:0004,20,64.51399988898187
716,79511:003:0004,21,65.72724406700172
717,79511:003:0004,22,74.77594233231594
718,79511:003:0004,23,95.0
719,79511:003:0004,24,85.92328677856885
720,79301:001:0667,1,43.10434501569298
721,79301:001:0667,2,35.215243159113435
722,79301:001:0667,3,30.61381352712844
723,79301:001:0667,4,25.59689624718024
724,79301:001:0667,5,36.774702581262304
725,79301:001:0667,6,35.48505145278147
726,79301:001:0667,7,37.52977978694541
727,79301:001:0667,8,33.508237407655315
728,79301:001:0667,9,34.58988191314191
729,79301:001:0667,10,39.78719690348187
730,79301:001:0667,11,48.14045520311577
731,79301:001:0667,12,47.575682141189205
732,79301:001:0667,13,45.46018156907821
733,79301:001:0667,14,46.32722095563206
734,79301:001:0667,15,49.1099471817931
735,79301:001:0667,16,37.84769519996976
736,79301:001:0667,17,47.8157559554864
737,79301:001:0667,18,46.957457514069844
738,79301:001:0667,19,41.096084779090646
739,79301:001:0667,20,49.08255086040501
740,79301:001:0667,21,37.23453872997652
741,79301:001:0667,22,48.91995757906305
742,79301:001:0667,23,50.1427678683122
743,79301:001:0667,24,39.29816171207059
744,79502:020:0001,1,58.165352722825425
745,79502:020:0001,2,56.3920896551042
746,79502:020:0001,3,71.98458816512662
747,79502:020:0001,4,63.67930082934774
748,79502:020:0001,5,45.92219260878355
749,79502:020:0001,6,59.32214465350948
750,79502:020:0001,7,65.97516096110627
751,79502:020:0001,8,90.43371109745657
752,79502:020:0001,9,70.52009967737591
753,79502:020:0001,10,74.23217275412166
754,79502:020:0001,11,62.79876838537947
755,79502:020:0001,12,73.33851803180276
756,79502:020:0001,13,72.2829120572168
757,79502:020:0001,14,69.00565876917628
758,79502:020:0001,15,73.64550067960036
759,79502:020:0001,16,61.47121604925627
760,79502:020:0001,17,77.13655275636827
761,79502:020:0001,18,72.39962770466617
762,79502:020:0001,19,86.35493639911218
763,79502:020:0001,20,70.3747212623983
764,79502:020:0001,21,79.58700360023403
765,79502:020:0001,22,56.27950125458905
766,79502:020:0001,23,68.47042731839115
767,79502:020:0001,24,84.4806044641549
768,79515:011:0052,1,134.74564912711472
769,79515:011:0052,2,153.27323445309725
770,79515:011:0052,3,106.40733085731979
771,79515:011:0052,4,108.74426212507524
772,79515:011:0052,5,113.93227578168954
773,79515:011:0052,6,84.14812520353551
774,79515:011:0052,7,177.08936865610016
775,79515:011:0052,8,167.39129399100128
776,79515:011:0052,9,135.3016719783472
777,79515:011:0052,10,189.34123387232006
778,79515:011:0052,11,100.2113850780621
779,79515:011:0052,12,174.82839951657508
780,79515:011:0052,13,130.2443440404067
781,79515:011:0052,14,175.37668733230996
782,79515:011:0052,15,157.82299711500607
783,79515:011:0052,16,143.2588256479459
784,79515:011:0052,17,146.85546965558203
785,79515:011:0052,18,169.894388115621
786,79515:011:0052,19,162.7928034185873
787,79515:011:0052,20,136.11218644891784
788,79515:011:0052,21,155.9438066900537
789,79515:011:0052,22,155.57875083171857
790,79515:011:0052,23,145.08408479123747
791,79515:011:0052,24,146.2666393882231
792,79510:029:0009,1,77.97195061965638
793,79510:029:0009,2,69.7181027783874
794,79510:029:0009,3,60.284219350961486
795,79510:029:0009,4,66.80379379030339
796,79510:029:0009,5,62.41247092549949
797,79510:029:0009,6,63.175614733224386
798,79510:029:0009,7,73.49986524754932
799,79510:029:0009,8,79.17908800748862
800,79510:029:0009,9,69.23301780277579
801,79510:029:0009,10,70.57056006718467
802,79510:029:0009,11,67.65059606036752
803,79510:029:0009,12,85.04688876305444
804,79510:029:0009,13,82.04743319174963
805,79510:029:0009,14,77.42585780694532
806,79510:029:0009,15,59.47837665578703
807,79510:029:0009,16,88.05099261982755
808,79510:029:0009,17,68.93015504697938
809,79510:029:0009,18,70.989246968331
810,79510:029:0009,19,70.47098830159037
811,79510:029:0009,20,68.69460001457843
812,79510:029:0009,21,69.52305805488132
813,79510:029:0009,22,78.8465228413873
814,79510:029:0009,23,63.26907269811824
815,79510:029:0009,24,63.2921049468668
816,79512:008:0022,1,35.569787866511604
817,79512:008:0022,2,41.7522426772523
818,79512:008:0022,3,26.9749629618344
819,79512:008:0022,4,24.82670616593183
820,79512:008:0022,5,38.55190835179111
821,79512:008:0022,6,44.48788587114887
822,79512:008:0022,7,50.43952351451393
823,79512:008:0022,8,42.028379075412886
824,79512:008:0022,9,48.98595898302375
825,79512:008:0022,10,41.60627455187407
826,79512:008:0022,11,57.0
827,79512:008:0022,12,50.65013748332672
828,79512:008:0022,13,40.06656256423655
829,79512:008:0022,14,49.51926608122768
830,79512:008:0022,15,56.68590677504834
831,79512:008:0022,16,41.34616672812618
832,79512:008:0022,17,40.27428570588553
833,79512:008:0022,18,49.66509475666296
834,79512:008:0022,19,41.84934957284457
835,79512:008:0022,20,36.31369861471601
836,79512:008:0022,21,42.062971825422665
837,79512:008:0022,22,39.998054038562834
838,79512:008:0022,23,42.56058951179571
839,79512:008:0022,24,48.25707440257717
840,79513:011:0001,1,138.54506990706517
841,79513:011:0001,2,84.48956628569698
842,79513:011:0001,3,114.88534992787034
843,79513:011:0001,4,104.62030778919495
844,79513:011:0001,5,113.10255396398013
845,79513:011:0001,6,65.87638330013239
846,79513:011:0001,7,110.67277856176176
847,79513:011:0001,8,134.7696824348954
848,79513:011:0001,9,106.82070343222225
849,79513:011:0001,10,137.1396751472817
850,79513:011:0001,11,128.22219140655275
851,79513:011:0001,12,151.79541101606483
852,79513:011:0001,13,102.34214821931181
853,79513:011:0001,14,122.85492829455144
854,79513:011:0001,15,126.05835966073727
855,79513:011:0001,16,119.07793871293475
856,79513:011:0001,17,107.06423684992308
857,79513:011:0001,18,126.38502826491987
858,79513:011:0001,19,115.22361658321746
859,79513:011:0001,20,80.37120136889541
860,79513:011:0001,21,152.0
861,79513:011:0001,22,130.76581645559963
862,79513:011:0001,23,111.20696703834987
863,79513:011:0001,24,79.48960372761698
864,79301:001:0342,1,43.085689400037595
865,79301:001:0342,2,27.219902995870083
866,79301:001:0342,3,37.22698489655832
867,79301:001:0342,4,33.587167970283474
868,79301:001:0342,5,30.532610732228566
869,79301:001:0342,6,38.31079691268106
870,79301:001:0342,7,50.48742370865275
871,79301:001:0342,8,47.217520509221316
872,79301:001:0342,9,43.57897377654256
873,79301:001:0342,10,45.743862226355844
874,79301:001:0342,11,36.197257863181655
875,79301:001:0342,12,45.50022778076657
876,79301:001:0342,13,41.82229440684907
877,79301:001:0342,14,48.75985513581832
878,79301:001:0342,15,39.381767828895036
879,79301:001:0342,16,41.94645966165809
880,79301:001:0342,17,48.40775289178784
881,79301:001:0342,18,48.19870029765469
882,79301:001:0342,19,46.37503236409147
883,79301:001:0342,20,48.14336690919889
884,79301:001:0342,21,42.328718895822355
885,79301:001:0342,22,35.826586344491744
886,79301:001:0342,23,48.37503513449196
887,79301:001:0342,24,42.89667622149398
888,79509:019:0001,1,57.180537261483074
889,79509:019:0001,2,54.965815591895506
890,79509:019:0001,3,68.76131894590517
891,79509:019:0001,4,70.05048136144549
892,79509:019:0001,5,62.548344020055055
893,79509:019:0001,6,53.023003396770626
894,79509:019:0001,7,76.21689910352164
895,79509:019:0001,8,79.38712940320931
896,79509:019:0001,9,74.49830516050795
897,79509:019:0001,10,69.01407427753463
898,79509:019:0001,11,77.5897300434875
899,79509:019:0001,12,50.97989445301503
900,79509:019:0001,13,83.51819242196052
901,79509:019:0001,14,43.35244192989385
902,79509:019:0001,15,74.85906114077126
903,79509:019:0001,16,72.38463677041925
904,79509:019:0001,17,88.07484130454802
905,79509:019:0001,18,70.81906586450748
906,79509:019:0001,19,91.2102149569211
907,79509:019:0001,20,77.26709417334143
908,79509:019:0001,21,93.71028991939528
909,79509:019:0001,22,69.02990295959415
910,79509:019:0001,23,83.41850089230628
911,79509:019:0001,24,67.63028962876011
912,79510:035:0012,1,85.79153334631111
913,79510:035:0012,2,102.42047925571009
914,79510:035:0012,3,119.98439508662256
915,79510:035:0012,4,104.52195843181323
916,79510:035:0012,5,90.3569078404605
917,79510:035:0012,6,119.87189411239396
918,79510:035:0012,7,119.68787092678016
919,79510:035:0012,8,113.68264784624749
920,79510:035:0012,9,128.8114656276826
921,79510:035:0012,10,108.22420102616931
922,79510:035:0012,11,93.5130714527961
923,79510:035:0012,12,118.47607541136513
924,79510:035:0012,13,124.28757995243518
925,79510:035:0012,14,135.12715680928832
926,79510:035:0012,15,128.53228326184177
927,79510:035:0012,16,152.0
928,79510:035:0012,17,122.07958959862692
929,79510:035:0012,18,113.04722333583042
930,79510:035:0012,19,128.3438746695548
931,79510:035:0012,20,92.34287197810126
932,79510:035:0012,21,134.3351267962043
933,79510:035:0012,22,85.20643171440184
934,79510:035:0012,23,114.39585518315225
935,79510:035:0012,24,90.78444132112674
936,79512:038:0010,1,102.64220942242461
937,79512:038:0010,2,103.17022270781543
938,79512:038:0010,3,93.12863809449343
939,79512:038:0010,4,73.21860026585307
940,79512:038:0010,5,84.75323623039255
941,79512:038:0010,6,101.92718126111004
942,79512:038:0010,7,118.93895739989823
943,79512:038:0010,8,126.3314150537565
944,79512:038:0010,9,134.8721592311999
945,79512:038:0010,10,110.60631830454534
946,79512:038:0010,11,117.22565580696582
947,79512:038:0010,12,152.0
948,79512:038:0010,13,123.93565029165993
949,79512:038:0010,14,118.0169513482623
950,79512:038:0010,15,140.12535397156785
951,79512:038:0010,16,120.09924854576755
952,79512:038:0010,17,109.15929235477577
953,79512:038:0010,18,133.7998691498502
954,79512:038:0010,19,129.7673834352961
955,79512:038:0010,20,128.94175001531008
956,79512:038:0010,21,133.95216290895422
957,79512:038:0010,22,130.90220454820638
958,79512:038:0010,23,117.37576941286454
959,79512:038:0010,24,116.90608089256749
960,79508:053:0001,1,114.85399234526132
961,79508:053:0001,2,100.79968038861949
962,79508:053:0001,3,113.9854542392481
963,79508:053:0001,4,94.27423894221816
964,79508:053:0001,5,103.21517905838219
965,79508:053:0001,6,107.65302517930095
966,79508:053:0001,7,177.24538986908294
967,79508:053:0001,8,152.67107014082796
968,79508:053:0001,9,177.94963512247867
969,79508:053:0001,10,129.99254796068317
970,79508:053:0001,11,173.29083780018422
971,79508:053:0001,12,151.00838117363747
972,79508:053:0001,13,148.74371989689433
973,79508:053:0001,14,164.94036025735423
974,79508:053:0001,15,147.6659347461161
975,79508:053:0001,16,126.11204199618625
976,79508:053:0001,17,138.5829918800664
977,79508:053:0001,18,159.68673765886322
978,79508:053:0001,19,150.71803946292627
979,79508:053:0001,20,170.99208881867486
980,79508:053:0001,21,139.1966931929161
981,79508:053:0001,22,170.19892386316695
982,79508:053:0001,23,114.99391538550847
983,79508:053:0001,24,165.4734279814221
984,79301:001:0749,1,95.61885339926704
985,79301:001:0749,2,121.41032991822446
986,79301:001:0749,3,124.23912825842986
987,79301:001:0749,4,172.48595429754022
988,79301:001:0749,5,128.90258716414073
989,79301:001:0749,6,152.2254430581457
990,79301:001:0749,7,165.38041871523757
991,79301:001:0749,8,180.76703719211315
992,79301:001:0749,9,133.76561621450887
993,79301:001:0749,10,140.23529480507725
994,79301:001:0749,11,139.34130781140192
995,79301:001:0749,12,135.442568249859
996,79301:001:0749,13,109.60757988825969
997,79301:001:0749,14,124.90129407512744
998,79301:001:0749,15,156.64839659508647
999,79301:001:0749,16,170.43218574288514
1000,79301:001:0749,17,148.70819341963553
1001,79301:001:0749,18,107.17953033148088
1002,79301:001:0749,19,171.34774216624237
1003,79301:001:0749,20,137.5351509501295
1004,79301:001:0749,21,139.05510565567926
1005,79301:001:0749,22,162.86351380754755
1006,79301:001:0749,23,170.5267744015585
1007,79301:001:0749,24,136.50167003502628
1008,79507:015:0001,1,64.11068510867521
1009,79507:015:0001,2,73.17673436711318
1010,79507:015:0001,3,60.6865263849509
1011,79507:015:0001,4,55.570507446780525
1012,79507:015:0001,5,64.89924737139629
1013,79507:015:0001,6,50.03115911023687
1014,79507:015:0001,7,57.483013933536796
1015,79507:015:0001,8,63.08069442792123
1016,79507:015:0001,9,72.44176703773145
1017,79507:015:0001,10,79.02060776148232
1018,79507:015:0001,11,65.60798961781089
1019,79507:015:0001,12,70.51802500857374
1020,79507:015:0001,13,70.480222242487
1021,79507:015:0001,14,94.28842440199804
1022,79507:015:0001,15,81.4817173252248
1023,79507:015:0001,16,71.86384060021392
1024,79507:015:0001,17,75.02954910211453
1025,79507:015:0001,18,75.04871491185492
1026,79507:015:0001,19,60.065777235606284
1027,79507:015:0001,20,68.69298359893413
1028,79507:015:0001,21,85.10546418372995
1029,79507:015:0001,22,78.20551787806785
1030,79507:015:0001,23,65.76796847039718
1031,79507:015:0001,24,69.0814603975618
1032,79517:053:0014,1,26.835890361309154
1033,79517:053:0014,2,40.45804008745866
1034,79517:053:0014,3,41.27667494557689
1035,79517:053:0014,4,43.177419554352134
1036,79517:053:0014,5,30.492514632563783
1037,79517:053:0014,6,40.15164085882159
1038,79517:053:0014,7,51.66300786502965
1039,79517:053:0014,8,38.79464629360356
1040,79517:053:0014,9,28.94723915481766
1041,79517:053:0014,10,39.24407239753565
1042,79517:053:0014,11,50.18239904943039
1043,79517:053:0014,12,44.55566948898013
1044,79517:053:0014,13,38.6043637944562
1045,79517:053:0014,14,47.78015286982641
1046,79517:053:0014,15,51.59317315387821
1047,79517:053:0014,16,41.49565246241409
1048,79517:053:0014,17,50.62187017476387
1049,79517:053:0014,18,50.13350043415856
1050,79517:053:0014,19,37.228774445357196
1051,79517:053:0014,20,49.14316887408066
1052,79517:053:0014,21,41.470969034194525
1053,79517:053:0014,22,38.86256103413701
1054,79517:053:0014,23,53.09263181621479
1055,79517:053:0014,24,34.07289548529689
1056,79509:013:0018,1,29.107285172357024
1057,79509:013:0018,2,30.542506218931777
1058,79509:013:0018,3,31.146972791459596
1059,79509:013:0018,4,35.846073497560894
1060,79509:013:0018,5,41.790484630362094
1061,79509:013:0018,6,36.01095638306523
1062,79509:013:0018,7,33.57615930026338
1063,79509:013:0018,8,54.0156849463077
1064,79509:013:0018,9,42.89334004192086
1065,79509:013:0018,10,46.291383766525925
1066,79509:013:0018,11,50.737494857220575
1067,79509:013:0018,12,41.57591011088766
1068,79509:013:0018,13,54.05740381879065
1069,79509:013:0018,14,50.021572221710485
1070,79509:013:0018,15,46.28056362629926
1071,79509:013:0018,16,52.503005787336356
1072,79509:013:0018,17,42.34804322882637
1073,79509:013:0018,18,44.74462111553353
1074,79509:013:0018,19,45.379530109391986
1075,79509:013:0018,20,48.986300229231375
1076,79509:013:0018,21,56.02194514575309
1077,79509:013:0018,22,43.06606589196986
1078,79509:013:0018,23,42.91801655572593
1079,79509:013:0018,24,35.819280842597244
1080,79504:076:0008,1,80.13424032853315
1081,79504:076:0008,2,101.44816983785779
1082,79504:076:0008,3,88.37639121767165
1083,79504:076:0008,4,116.68322561029112
1084,79504:076:0008,5,124.6502534060689
1085,79504:076:0008,6,79.87836205659612
1086,79504:076:0008,7,130.81496930553757
1087,79504:076:0008,8,152.0
1088,79504:076:0008,9,116.56299294061714
1089,79504:076:0008,10,117.88308165954697
1090,79504:076:0008,11,97.15135828217802
1091,79504:076:0008,12,127.42351746253676
1092,79504:076:0008,13,139.09213693787717
1093,79504:076:0008,14,124.22210343921651
1094,79504:076:0008,15,104.88378480248711
1095,79504:076:0008,16,122.2814635876794
1096,79504:076:0008,17,133.58930911296466
1097,79504:076:0008,18,134.79949878103193
1098,79504:076:0008,19,122.45595987676602
1099,79504:076:0008,20,102.46359409498919
1100,79504:076:0008,21,149.99740826028162
1101,79504:076:0008,22,151.87351791532492
1102,79504:076:0008,23,109.05427753003354
1103,79504:076:0008,24,107.59797736612768
1104,79501:034:0057,1,55.04897903807388
1105,79501:034:0057,2,51.728898828604024
1106,79501:034:0057,3,55.194745749260235
1107,79501:034:0057,4,38.060115344640586
1108,79501:034:0057,5,59.28525131280038
1109,79501:034:0057,6,64.83385047430386
1110,79501:034:0057,7,89.11194322698802
1111,79501:034:0057,8,85.90463942520091
1112,79501:034:0057,9,77.11606985997868
1113,79501:034:0057,10,62.44846446247786
1114,79501:034:0057,11,94.30432953159873
1115,79501:034:0057,12,81.57470922309237
1116,79501:034:0057,13,80.32791250319781
1117,79501:034:0057,14,80.41340779485718
1118,79501:034:0057,15,86.9553786339179
1119,79501:034:0057,16,72.67531231612121
1120,79501:034:0057,17,84.31830144257484
1121,79501:034:0057,18,63.97508921158328
1122,79501:034:0057,19,78.27583222818399
1123,79501:034:0057,20,88.84328836468137
1124,79501:034:0057,21,77.51606807884698
1125,79501:034:0057,22,82.62153808644251
1126,79501:034:0057,23,74.90179930746544
1127,79501:034:0057,24,64.66543095282658
1128,79510:033:0012,1,117.60530979506952
1129,79510:033:0012,2,92.24410905627252
1130,79510:033:0012,3,98.27630061524255
1131,79510:033:0012,4,103.09643318517925
1132,79510:033:0012,5,73.74291737164822
1133,79510:033:0012,6,91.2102749632017
1134,79510:033:0012,7,135.02862557317584
1135,79510:033:0012,8,113.16505003476469
1136,79510:033:0012,9,135.2984343887391
1137,79510:033:0012,10,102.45022779221678
1138,79510:033:0012,11,108.72229047333808
1139,79510:033:0012,12,106.80418745132012
1140,79510:033:0012,13,115.62019845502869
1141,79510:033:0012,14,91.37473243402953
1142,79510:033:0012,15,134.9764709289798
1143,79510:033:0012,16,96.88059783286978
1144,79510:033:0012,17,121.85023391309183
1145,79510:033:0012,18,127.98535568309114
1146,79510:033:0012,19,117.95224178460911
1147,79510:033:0012,20,84.97101047592227
1148,79510:033:0012,21,103.48822244861377
1149,79510:033:0012,22,102.4939925030935
1150,79510:033:0012,23,79.2217287020396
1151,79510:033:0012,24,106.50807544952863
1152,79517:005:0020,1,54.88708480934338
1153,79517:005:0020,2,57.910416663627686
1154,79517:005:0020,3,65.70808842227129
1155,79517:005:0020,4,64.48074151064527
1156,79517:005:0020,5,53.32806456415975
1157,79517:005:0020,6,53.45500128673428
1158,79517:005:0020,7,70.97236939421802
1159,79517:005:0020,8,76.28744207401257
1160,79517:005:0020,9,67.78069503584103
1161,79517:005:0020,10,71.93836218997704
1162,79517:005:0020,11,86.26460389864816
1163,79517:005:0020,12,70.76758820398689
1164,79517:005:0020,13,67.95648824411555
1165,79517:005:0020,14,75.29612278060851
1166,79517:005:0020,15,81.45172001443032
1167,79517:005:0020,16,70.92085576417855
1168,79517:005:0020,17,89.12754068807905
1169,79517:005:0020,18,93.5667880485013
1170,79517:005:0020,19,86.9316013361724
1171,79517:005:0020,20,72.52375840709988
1172,79517:005:0020,21,66.22580860057062
1173,79517:005:0020,22,59.059620856699375
1174,79517:005:0020,23,76.53751781681966
1175,79517:005:0020,24,51.690891914831326
1176,79508:008:0004,1,31.689873636374273
1177,79508:008:0004,2,42.78787449746013
1178,79508:008:0004,3,30.57357466929068
1179,79508:008:0004,4,31.43307110383944
1180,79508:008:0004,5,30.07175984291198
1181,79508:008:0004,6,36.35323874138109
1182,79508:008:0004,7,41.589690913999064
1183,79508:008:0004,8,47.08739777340574
1184,79508:008:0004,9,47.84346439778603
1185,79508:008:0004,10,48.19324938354205
1186,79508:008:0004,11,46.53179827544011
1187,79508:008:0004,12,50.25978126505122
1188,79508:008:0004,13,45.996619608500616
1189,79508:008:0004,14,53.39439996417574
1190,79508:008:0004,15,26.9152278651264
1191,79508:008:0004,16,38.29010042853855
1192,79508:008:0004,17,44.92518372168896
1193,79508:008:0004,18,34.10025396936227
1194,79508:008:0004,19,36.8555379331023
1195,79508:008:0004,20,52.63474642963938
1196,79508:008:0004,21,52.21405707462105
1197,79508:008:0004,22,42.4592554028215
1198,79508:008:0004,23,41.25036127524384
1199,79508:008:0004,24,54.52473867742135
